{
  "dataset": "eedi",
  "ds_prefix": "eedi_sakt_fold0",
  "metric": "cold",
  "comparison": "sem_cs vs id_cs",
  "seeds": {
    "42": {
      "n": 640060,
      "boot_n": 200000,
      "delta": -0.006258843897333999,
      "ci95": [
        -0.007865598906937346,
        -0.004774989016190357
      ],
      "p_value": 1.0,
      "sem_auc": 0.754753442363132,
      "id_auc": 0.761012286260466
    },
    "1": {
      "n": 632796,
      "boot_n": 200000,
      "delta": -0.0010532054402686564,
      "ci95": [
        -0.004829647631568554,
        -0.0015021336943111057
      ],
      "p_value": 0.9995,
      "sem_auc": 0.7543310675959269,
      "id_auc": 0.7553842730361956
    },
    "7": {
      "n": 620976,
      "boot_n": 200000,
      "delta": -0.0011443189484915406,
      "ci95": [
        -0.002126761093180532,
        0.0010695580926758511
      ],
      "p_value": 0.7495,
      "sem_auc": 0.7575604294775198,
      "id_auc": 0.7587047484260113
    }
  }
}