{
  "dataset": "eedi",
  "ds_prefix": "eedi_sakt_fold0",
  "metric": "overall",
  "comparison": "sem_cs vs id_cs",
  "seeds": {
    "42": {
      "n": 3195555,
      "boot_n": 200000,
      "delta": -0.03049165705495549,
      "ci95": [
        -0.03115024437572104,
        -0.028307214871876804
      ],
      "p_value": 1.0,
      "sem_auc": 0.7631062427357745,
      "id_auc": 0.79359789979073
    },
    "1": {
      "n": 3195555,
      "boot_n": 200000,
      "delta": -0.029796214175664804,
      "ci95": [
        -0.03151655289265233,
        -0.02851315034135834
      ],
      "p_value": 1.0,
      "sem_auc": 0.7628905469827586,
      "id_auc": 0.7926867611584234
    },
    "7": {
      "n": 3195555,
      "boot_n": 200000,
      "delta": -0.03026529401826783,
      "ci95": [
        -0.03175661870412062,
        -0.028678522013268315
      ],
      "p_value": 1.0,
      "sem_auc": 0.7628930800174308,
      "id_auc": 0.7931583740356987
    }
  }
}