{
  "dataset": "xes3g5m",
  "ds_prefix": "xes3g5m_sakt_fold0",
  "metric": "overall",
  "comparison": "sem_cs vs id_cs",
  "seeds": {
    "42": {
      "n": 1102701,
      "boot_n": 200000,
      "delta": 0.012025705834018074,
      "ci95": [
        0.010594057474374096,
        0.013426404270452323
      ],
      "p_value": 0.0,
      "sem_auc": 0.8046367235206361,
      "id_auc": 0.792611017686618
    },
    "1": {
      "n": 1102701,
      "boot_n": 200000,
      "delta": 0.009028020329216013,
      "ci95": [
        0.008327483061336603,
        0.011005556434903795
      ],
      "p_value": 0.0,
      "sem_auc": 0.8035766812740126,
      "id_auc": 0.7945486609447966
    },
    "7": {
      "n": 1102701,
      "boot_n": 200000,
      "delta": 0.007771720082875522,
      "ci95": [
        0.005271509964585361,
        0.008112759301776976
      ],
      "p_value": 0.0,
      "sem_auc": 0.8016803237982687,
      "id_auc": 0.7939086037153932
    }
  }
}