{
  "dataset": "xes3g5m",
  "ds_prefix": "xes3g5m_sakt_fold0",
  "metric": "cold",
  "comparison": "sem_cs vs id_cs",
  "seeds": {
    "42": {
      "n": 219311,
      "boot_n": 200000,
      "delta": 0.05194220926250259,
      "ci95": [
        0.049165185921303624,
        0.05455806090686159
      ],
      "p_value": 0.0,
      "sem_auc": 0.7411170312023637,
      "id_auc": 0.6891748219398611
    },
    "1": {
      "n": 212557,
      "boot_n": 200000,
      "delta": 0.03737409134934755,
      "ci95": [
        0.03457281382233151,
        0.03986494019938801
      ],
      "p_value": 0.0,
      "sem_auc": 0.7441654639452658,
      "id_auc": 0.7067913725959183
    },
    "7": {
      "n": 224719,
      "boot_n": 200000,
      "delta": 0.033709232697981206,
      "ci95": [
        0.030995820678403504,
        0.03605865350047157
      ],
      "p_value": 0.0,
      "sem_auc": 0.7354221340054451,
      "id_auc": 0.7017129013074639
    }
  }
}