{
  "dataset": "dbe_kt22",
  "ds_prefix": "dbe_kt22_sakt_fold0",
  "metric": "overall",
  "comparison": "sem_cs vs id_cs",
  "seeds": {
    "42": {
      "n": 30962,
      "boot_n": 30962,
      "delta": 0.0016995671123144485,
      "ci95": [
        -0.002455976763021486,
        0.006267408441226419
      ],
      "p_value": 0.23,
      "sem_auc": 0.7756638211009714,
      "id_auc": 0.773964253988657
    },
    "1": {
      "n": 30962,
      "boot_n": 30962,
      "delta": 0.00835574042652143,
      "ci95": [
        0.0042640554546293005,
        0.012461503637341878
      ],
      "p_value": 0.0,
      "sem_auc": 0.7717681407361761,
      "id_auc": 0.7634124003096546
    },
    "7": {
      "n": 30962,
      "boot_n": 30962,
      "delta": 0.018339912971997552,
      "ci95": [
        0.014253025396798149,
        0.02252282876818327
      ],
      "p_value": 0.0,
      "sem_auc": 0.7624954455585637,
      "id_auc": 0.7441555325865662
    }
  }
}