{
  "dataset": "dbe_kt22",
  "ds_prefix": "dbe_kt22_sakt_fold0",
  "metric": "cold",
  "comparison": "sem_cs vs id_cs",
  "seeds": {
    "42": {
      "n": 6154,
      "boot_n": 6154,
      "delta": 0.08338862008943893,
      "ci95": [
        0.06597355327892523,
        0.10053124168119211
      ],
      "p_value": 0.0,
      "sem_auc": 0.7001110706314053,
      "id_auc": 0.6167224505419664
    },
    "1": {
      "n": 5899,
      "boot_n": 5899,
      "delta": 0.15060934619779998,
      "ci95": [
        0.13194433103145792,
        0.1699748701143835
      ],
      "p_value": 0.0,
      "sem_auc": 0.6840626205159231,
      "id_auc": 0.5334532743181232
    },
    "7": {
      "n": 6238,
      "boot_n": 6238,
      "delta": 0.1378557767983265,
      "ci95": [
        0.12097575368193747,
        0.15536183186609093
      ],
      "p_value": 0.0,
      "sem_auc": 0.6401628301300146,
      "id_auc": 0.5023070533316881
    }
  }
}